<?xml version="1.0" encoding="UTF-8" standalone="yes"?>
<addon id="repository.alexelec.all"
		name="AlexELEC common Add-ons"
		version="9.0.1"
		provider-name="Alex@ELEC">
	<extension point="xbmc.addon.repository"
		name="AlexELEC Add-on Repository">
		<info>http://addons.alexelec.in.ua/common/addons.xml</info>
		<checksum>http://addons.alexelec.in.ua/common/addons.xml.md5</checksum>
		<datadir zip="true">http://addons.alexelec.in.ua/common</datadir>
	</extension>
	<extension point="xbmc.addon.metadata">
		<summary>Install Add-ons, Plugins, Games and Programs from [COLOR FF757677]Alex[/COLOR][COLOR FF8ABEE2]ELEC[/COLOR]</summary>
		<description>Download and install Add-ons, Plugins, Games and Programs from the Official [COLOR FF757677]Alex[/COLOR][COLOR FF8ABEE2]ELEC[/COLOR] addon repository.[CR]  By using the official Repository you will be able to take advantage of our extensive file mirror service to help get you faster downloads from a region close to you.[CR]  All addons on this repository have under gone basic testing, if you find a broken or not working addon please report it to [COLOR FF757677]Alex[/COLOR][COLOR FF8ABEE2]ELEC[/COLOR] so we can take any action needed.</description>
		<platform>all</platform>
	</extension>
</addon>
