<?xml version="1.0" encoding="UTF-8" standalone="yes"?>
<addon id="script.tvip.start.timer"
       name="TVIP shutdown timer"
       version="1.0"
       provider-name="AlexELEC">
  <requires>
    <import addon="xbmc.python" version="2.7.0"/>
  </requires>
  <extension point="xbmc.python.script" library="addon.py">
    <provides>executable</provides>
  </extension>
  <extension point="xbmc.addon.metadata">
    <summary lang="en">TVIP: shutdown timer</summary>
    <description lang="en">TVIP: shutdown timer</description>
    <language></language>
    <platform>all</platform>
    <license>GNU GENERAL PUBLIC LICENSE. Version 2, June 1991</license>
    <forum>http://forum.alexelec.in.ua/</forum>
    <website>http://alexelec.in.ua</website>
  </extension>
</addon>
